customer_uuid,reservation_id,city,distance_km,minutes_driven,net_price_excl_vat,extended_reservation_price_excl_vat,drive_minute_price_excl_vat,park_minute_price_excl_vat,unlock_price_excl_vat,gross_price_excl_vat,discount_excl_vat,rent_started_at_cest,rent_ended_at_cest
6e7732c2-09b7-428b-bdda-431d88668afd,25673310,Den Haag,3.11,8.0,0.0,0.0,0.272727272727273,0.12396694214876,0.826446280991736,3.008264462809918,3.008264462809918,2023-12-28 16:23:20,2023-12-28 16:30:29
cc3e2e43-6071-4116-8f34-f639ad0e7ad6,25673446,Den Haag,0.05,11.0,3.83,0.0,0.272727272727273,0.12396694214876,0.826446280991736,3.826446280991737,0.0,2023-12-28 16:38:37,2023-12-28 16:48:46
c432d3a8-c983-4e58-8ddb-530797cc5f3c,25673396,Den Haag,4.78,18.0,5.74,2.479339,0.272727272727273,0.12396694214876,0.826446280991736,8.214876033057852,2.479338842975206,2023-12-28 16:34:39,2023-12-28 16:52:22
9b13f278-667e-4d3e-a357-22e028c24df2,25673652,Den Haag,1.9,21.0,6.55,0.0,0.272727272727273,0.12396694214876,0.826446280991736,6.553719008264464,0.0,2023-12-28 17:02:06,2023-12-28 17:22:10
7369bcc7-612c-422b-89c3-63e74f84513c,25673943,Amsterdam,0.44,13.0,4.37,0.0,0.272727272727273,0.12396694214876,0.826446280991736,4.371900826446282,0.0,2023-12-28 17:23:48,2023-12-28 17:36:35
c58ca2af-c6bf-46f5-947e-55a7a8b57b14,25674154,Amsterdam,4.09,15.0,4.92,0.0,0.272727272727273,0.12396694214876,0.826446280991736,4.917355371900827,0.0,2023-12-28 17:46:46,2023-12-28 18:01:20
fb151c64-7277-4776-a0ef-e9d660085c65,25674399,Amsterdam,4.29,11.0,3.83,0.0,0.272727272727273,0.12396694214876,0.826446280991736,3.826446280991737,0.0,2023-12-28 18:11:58,2023-12-28 18:22:04
ba43ca48-5392-4e7a-9ecf-c31b2412752f,25675148,Enschede,0.01,4.0,2.07,0.0,0.272727272727273,0.12396694214876,0.826446280991736,2.289256198347108,0.214876033057851,2023-12-28 19:43:05,2023-12-28 19:49:19
bfcc1dd0-f452-4b17-97b5-02ddf3f8cacd,25675157,Rotterdam,0.48,9.0,3.28,0.0,0.272727272727273,0.12396694214876,0.826446280991736,3.280991735537191,0.0,2023-12-28 19:46:45,2023-12-28 19:55:04
9c4e35b0-e988-48cd-bdbf-a2c0eca154c8,25675186,Rotterdam,1.93,7.0,2.74,0.0,0.272727272727273,0.12396694214876,0.826446280991736,2.735537190082645,0.0,2023-12-28 19:52:35,2023-12-28 19:58:44
a839817e-dff3-4d88-ba8c-bd48001cbe15,25675204,Enschede,9.0,17.0,5.46,0.0,0.272727272727273,0.12396694214876,0.826446280991736,5.462809917355372,0.0,2023-12-28 19:50:40,2023-12-28 20:07:17
70fb011a-bc60-4de6-a46e-df9008ecd09a,25675371,Den Haag,6.13,17.0,5.46,0.0,0.272727272727273,0.12396694214876,0.826446280991736,5.462809917355372,0.0,2023-12-28 20:21:07,2023-12-28 20:38:00
5c9809c0-0f99-4124-a941-ee505c2ba99b,25675559,Brussels,2.89,11.0,3.83,0.0,0.272727272727273,0.12396694214876,0.826446280991736,3.826446280991737,0.0,2023-12-28 20:40:50,2023-12-28 20:51:19
9c4e35b0-e988-48cd-bdbf-a2c0eca154c8,25675764,Rotterdam,2.14,12.0,4.1,0.0,0.272727272727273,0.12396694214876,0.826446280991736,4.099173553719008,0.0,2023-12-28 21:16:47,2023-12-28 21:28:40
6e7732c2-09b7-428b-bdda-431d88668afd,25675823,Den Haag,2.71,5.0,1.37,0.0,0.272727272727273,0.12396694214876,0.826446280991736,2.1900826446281,0.818181818181818,2023-12-28 21:27:32,2023-12-28 21:31:59
c5b8c3f1-89dc-4847-aa21-89fbc0ae6f3c,25675805,Groningen,1.78,9.0,3.53,0.0,0.272727272727273,0.12396694214876,0.826446280991736,3.528925619834711,0.0,2023-12-28 21:22:19,2023-12-28 21:33:19
c58ca2af-c6bf-46f5-947e-55a7a8b57b14,25675865,Amsterdam,2.31,10.0,3.55,0.0,0.272727272727273,0.12396694214876,0.826446280991736,3.553719008264464,0.0,2023-12-28 21:38:45,2023-12-28 21:48:37
0c6e7073-0890-48f5-b239-615181579fdf,25675809,Amsterdam,2.15,27.0,8.19,0.0,0.272727272727273,0.12396694214876,0.826446280991736,8.190082644628099,0.0,2023-12-28 21:23:06,2023-12-28 21:49:12
bfcc1dd0-f452-4b17-97b5-02ddf3f8cacd,25676010,Rotterdam,2.69,7.0,2.74,0.0,0.272727272727273,0.12396694214876,0.826446280991736,2.735537190082645,0.0,2023-12-28 22:11:57,2023-12-28 22:18:47
2c816219-a654-4f6f-8d82-275ecfcdeb97,25676006,Groningen,2.31,13.0,4.5,0.0,0.272727272727273,0.12396694214876,0.826446280991736,4.495867768595042,0.0,2023-12-28 22:06:23,2023-12-28 22:19:57
a839817e-dff3-4d88-ba8c-bd48001cbe15,25676310,Enschede,10.07,19.0,6.01,0.0,0.272727272727273,0.12396694214876,0.826446280991736,6.008264462809918,0.0,2023-12-28 23:12:29,2023-12-28 23:30:48
a1d84072-f8f3-4800-b83c-b407078d963b,25676581,Groningen,1.97,9.0,3.28,0.0,0.272727272727273,0.12396694214876,0.826446280991736,3.280991735537191,0.0,2023-12-29 00:12:19,2023-12-29 00:20:37
4dae285e-092e-4b62-aab2-0afb96c25384,25677009,Rotterdam,7.82,16.0,6.08,0.892562,0.272727272727273,0.12396694214876,0.826446280991736,6.082644628099174,0.0,2023-12-29 03:14:09,2023-12-29 03:29:35
f7f85791-c641-487a-9600-f91af3d6fe4d,25677235,Den Bosch,0.08,2.0,1.37,0.0,0.272727272727273,0.12396694214876,0.826446280991736,1.371900826446281,0.0,2023-12-29 06:42:54,2023-12-29 06:44:50
f7f85791-c641-487a-9600-f91af3d6fe4d,25677252,Den Bosch,0.0,2.0,0.28,0.0,0.272727272727273,0.12396694214876,0.826446280991736,1.371900826446281,1.090909090909091,2023-12-29 06:45:47,2023-12-29 06:47:09
f7f85791-c641-487a-9600-f91af3d6fe4d,25677278,Den Bosch,4.86,11.0,2.74,0.0,0.272727272727273,0.12396694214876,0.826446280991736,3.826446280991737,1.090909090909091,2023-12-29 07:02:32,2023-12-29 07:12:49
b6097966-26dd-4f0f-9b87-d228bc472688,25677426,Enschede,1.32,5.0,2.19,0.0,0.272727272727273,0.12396694214876,0.826446280991736,2.1900826446281,0.0,2023-12-29 08:12:11,2023-12-29 08:16:33
c63a1329-f7d1-4034-bf8f-25e6b1a69497,25677626,Enschede,2.66,7.0,2.74,0.0,0.272727272727273,0.12396694214876,0.826446280991736,2.735537190082645,0.0,2023-12-29 09:07:35,2023-12-29 09:13:42
1e10490f-a9af-48c0-a038-6ac372a8378e,25677851,Brussels,4.43,14.0,4.77,0.0,0.272727272727273,0.12396694214876,0.826446280991736,4.768595041322315,0.0,2023-12-29 09:52:48,2023-12-29 10:07:38
ba43ca48-5392-4e7a-9ecf-c31b2412752f,25677898,Enschede,1.0,4.0,1.92,0.0,0.272727272727273,0.12396694214876,0.826446280991736,1.917355371900827,0.0,2023-12-29 10:06:54,2023-12-29 10:10:31
ea4d43bc-c8e5-4278-98a7-902005e1ecb8,25678189,Groningen,4.31,16.0,5.19,0.0,0.272727272727273,0.12396694214876,0.826446280991736,5.1900826446281,0.0,2023-12-29 11:11:27,2023-12-29 11:27:26
4cc36428-0b0e-46d3-a5b8-58cdab9b4282,25678394,Rotterdam,1.38,6.0,1.64,0.0,0.272727272727273,0.12396694214876,0.826446280991736,2.462809917355372,0.818181818181818,2023-12-29 11:41:30,2023-12-29 11:46:41
8bd5dedd-d36b-4fa5-a379-d7034e054a33,25678981,Den Bosch,2.77,8.0,3.01,0.0,0.272727272727273,0.12396694214876,0.826446280991736,3.008264462809918,0.0,2023-12-29 12:58:15,2023-12-29 13:06:10
26c0a681-9e67-4460-950a-cd801233a0ab,25679019,Rotterdam,3.7,10.0,3.55,0.0,0.272727272727273,0.12396694214876,0.826446280991736,3.553719008264464,0.0,2023-12-29 13:10:32,2023-12-29 13:20:27
5fec5eb1-808a-4b94-b2ff-79a5827461d8,25678679,Rotterdam,7.27,22.0,11.79,0.0,0.272727272727273,0.12396694214876,0.826446280991736,11.78512396694215,0.0,2023-12-29 12:21:45,2023-12-29 13:23:44
7bf89a31-ef1a-433d-b978-434f50c896de,25679249,Amsterdam,1.74,7.0,2.74,0.0,0.272727272727273,0.12396694214876,0.826446280991736,2.735537190082645,0.0,2023-12-29 13:33:50,2023-12-29 13:40:27
2097df08-7b9b-4fd9-8f79-996d5c7bbc5f,25679923,Amsterdam,3.17,12.0,4.1,0.0,0.272727272727273,0.12396694214876,0.826446280991736,4.099173553719008,0.0,2023-12-29 14:45:58,2023-12-29 14:57:01
e84d9044-0dd8-4e0a-81d0-ae0ee45efe4d,25679983,Amsterdam,1.61,13.0,4.37,0.0,0.272727272727273,0.12396694214876,0.826446280991736,4.371900826446282,0.0,2023-12-29 14:48:19,2023-12-29 15:01:08
773b6019-7929-4ae3-99f1-d76fd6f0af1a,25680112,Groningen,3.67,11.0,3.83,0.0,0.272727272727273,0.12396694214876,0.826446280991736,3.826446280991737,0.0,2023-12-29 15:02:36,2023-12-29 15:13:34
7369bcc7-612c-422b-89c3-63e74f84513c,25680120,Amsterdam,3.57,10.0,4.3,0.0,0.272727272727273,0.12396694214876,0.826446280991736,4.297520661157025,0.0,2023-12-29 15:03:18,2023-12-29 15:18:59
e84d9044-0dd8-4e0a-81d0-ae0ee45efe4d,25680295,Amsterdam,1.92,6.0,2.46,0.0,0.272727272727273,0.12396694214876,0.826446280991736,2.462809917355372,0.0,2023-12-29 15:22:59,2023-12-29 15:28:15
8bd5dedd-d36b-4fa5-a379-d7034e054a33,25680387,Den Bosch,1.8,7.0,2.74,0.0,0.272727272727273,0.12396694214876,0.826446280991736,2.735537190082645,0.0,2023-12-29 15:32:48,2023-12-29 15:39:00
ab60217c-12a6-4550-915d-4ea6a429a898,25680490,Den Bosch,0.0,1.0,1.1,0.0,0.272727272727273,0.12396694214876,0.826446280991736,1.099173553719008,0.0,2023-12-29 15:46:03,2023-12-29 15:46:26
ab60217c-12a6-4550-915d-4ea6a429a898,25680516,Den Bosch,0.27,4.0,1.1,0.0,0.272727272727273,0.12396694214876,0.826446280991736,1.917355371900827,0.818181818181818,2023-12-29 15:46:58,2023-12-29 15:50:57
80360dfa-c7ee-4d2d-b83a-d593b24f5c9f,25680570,Haarlem,1.37,5.0,2.19,0.0,0.272727272727273,0.12396694214876,0.826446280991736,2.1900826446281,0.0,2023-12-29 15:54:03,2023-12-29 15:58:44
7bf89a31-ef1a-433d-b978-434f50c896de,25680497,Amsterdam,6.01,19.0,6.01,0.0,0.272727272727273,0.12396694214876,0.826446280991736,6.008264462809918,0.0,2023-12-29 15:45:04,2023-12-29 16:03:28
e1a6d5b5-eeae-48c6-a9c9-ec85414ca95d,25680551,Rotterdam,2.78,15.0,4.92,0.0,0.272727272727273,0.12396694214876,0.826446280991736,4.917355371900827,0.0,2023-12-29 15:53:28,2023-12-29 16:07:36
773b6019-7929-4ae3-99f1-d76fd6f0af1a,25680587,Groningen,0.93,13.0,4.62,0.0,0.272727272727273,0.12396694214876,0.826446280991736,4.619834710743802,0.0,2023-12-29 15:55:25,2023-12-29 16:09:46
51761612-4568-4d36-bff9-d0e1040cfa18,25680850,Enschede,2.49,8.0,1.64,0.0,0.272727272727273,0.12396694214876,0.826446280991736,3.008264462809918,1.363636363636364,2023-12-29 16:26:48,2023-12-29 16:34:46
9f8f8d5a-2490-490a-b509-9bf9de07977b,25681203,Rotterdam,1.5,6.0,2.46,0.0,0.272727272727273,0.12396694214876,0.826446280991736,2.462809917355372,0.0,2023-12-29 17:09:59,2023-12-29 17:15:38
0df15924-0e9e-4499-9bcd-fc823a81e98f,25681189,Den Haag,0.32,12.0,2.74,0.0,0.272727272727273,0.12396694214876,0.826446280991736,4.099173553719008,1.363636363636364,2023-12-29 17:09:41,2023-12-29 17:21:25
5018e158-3f35-4ad5-8394-d2e63f00b3e1,25681287,Den Haag,2.72,8.0,3.01,0.0,0.272727272727273,0.12396694214876,0.826446280991736,3.008264462809918,0.0,2023-12-29 17:19:31,2023-12-29 17:27:28
0df15924-0e9e-4499-9bcd-fc823a81e98f,25681313,Den Haag,2.79,11.0,3.83,0.0,0.272727272727273,0.12396694214876,0.826446280991736,3.826446280991737,0.0,2023-12-29 17:25:45,2023-12-29 17:36:32
3b18c4c6-f14b-4ee7-a728-d03207eabfed,25681507,Amsterdam,3.86,10.0,3.55,0.0,0.272727272727273,0.12396694214876,0.826446280991736,3.553719008264464,0.0,2023-12-29 17:47:14,2023-12-29 17:56:18
0f1ed085-f36f-4752-9a52-d4cab09dcf87,25682089,Amsterdam,2.89,10.0,3.55,0.0,0.272727272727273,0.12396694214876,0.826446280991736,3.553719008264464,0.0,2023-12-29 18:49:33,2023-12-29 18:59:21
a25025ec-a7e0-4abe-979c-5447fff89d6d,25682192,Enschede,1.5,7.0,2.74,0.0,0.272727272727273,0.12396694214876,0.826446280991736,2.735537190082645,0.0,2023-12-29 18:56:56,2023-12-29 19:03:41
980fc220-bd39-42b6-80a8-fdbd87f96160,25682191,Enschede,3.64,8.0,3.01,0.0,0.272727272727273,0.12396694214876,0.826446280991736,3.008264462809918,0.0,2023-12-29 18:58:04,2023-12-29 19:05:30
a25025ec-a7e0-4abe-979c-5447fff89d6d,25682407,Enschede,1.46,6.0,2.46,0.0,0.272727272727273,0.12396694214876,0.826446280991736,2.462809917355372,0.0,2023-12-29 19:18:35,2023-12-29 19:23:53
80360dfa-c7ee-4d2d-b83a-d593b24f5c9f,25683786,Haarlem,1.69,7.0,2.74,0.0,0.272727272727273,0.12396694214876,0.826446280991736,2.735537190082645,0.0,2023-12-29 22:54:52,2023-12-29 23:01:10
0df15924-0e9e-4499-9bcd-fc823a81e98f,25684031,Den Haag,8.5,20.0,6.28,0.0,0.272727272727273,0.12396694214876,0.826446280991736,6.28099173553719,0.0,2023-12-29 23:40:02,2023-12-29 23:59:39
4c45e6c1-acd8-4518-a1ab-33444aef3724,25684215,Amsterdam,2.16,7.0,2.74,0.0,0.272727272727273,0.12396694214876,0.826446280991736,2.735537190082645,0.0,2023-12-30 00:03:25,2023-12-30 00:10:19
bc259406-d43e-4c1f-ae81-645f9f096f34,25684356,Enschede,3.44,8.0,3.01,0.0,0.272727272727273,0.12396694214876,0.826446280991736,3.008264462809918,0.0,2023-12-30 00:42:15,2023-12-30 00:49:22
a068f6da-1811-49c2-8107-88016ce52020,25684423,Enschede,2.54,8.0,3.01,0.0,0.272727272727273,0.12396694214876,0.826446280991736,3.008264462809918,0.0,2023-12-30 00:48:59,2023-12-30 00:56:46
25ac9218-8bb1-4383-bdd8-7487e44c1713,25684471,Enschede,1.53,6.0,2.46,0.0,0.272727272727273,0.12396694214876,0.826446280991736,2.462809917355372,0.0,2023-12-30 00:54:31,2023-12-30 01:00:09
7bf89a31-ef1a-433d-b978-434f50c896de,25684846,Amsterdam,6.54,21.0,6.55,0.0,0.272727272727273,0.12396694214876,0.826446280991736,6.553719008264464,0.0,2023-12-30 02:33:18,2023-12-30 02:53:40
bfcc1dd0-f452-4b17-97b5-02ddf3f8cacd,25685238,Rotterdam,6.3,16.0,5.19,0.0,0.272727272727273,0.12396694214876,0.826446280991736,5.1900826446281,0.0,2023-12-30 06:36:39,2023-12-30 06:52:39
37d46603-c3b6-4be0-ba79-33970a3bc2be,25685323,Groningen,4.36,12.0,4.1,0.0,0.272727272727273,0.12396694214876,0.826446280991736,4.099173553719008,0.0,2023-12-30 07:41:24,2023-12-30 07:53:08
ba9aa024-ee35-4f51-8bff-71697ccec448,25685422,Den Haag,1.54,6.0,2.46,0.0,0.272727272727273,0.12396694214876,0.826446280991736,2.462809917355372,0.0,2023-12-30 08:42:40,2023-12-30 08:48:01
294c7ea8-dd4d-4431-8775-e271eed95db1,25685667,Amsterdam,3.55,9.0,1.92,0.0,0.272727272727273,0.12396694214876,0.826446280991736,3.280991735537191,1.363636363636364,2023-12-30 09:56:54,2023-12-30 10:05:08
9f8f8d5a-2490-490a-b509-9bf9de07977b,25685755,Rotterdam,1.73,8.0,3.01,0.0,0.272727272727273,0.12396694214876,0.826446280991736,3.008264462809918,0.0,2023-12-30 10:20:46,2023-12-30 10:28:01
60bd104b-5358-4c67-a616-0d8e17ad6a60,25685934,Den Haag,4.46,11.0,3.83,0.0,0.272727272727273,0.12396694214876,0.826446280991736,3.826446280991737,0.0,2023-12-30 10:54:36,2023-12-30 11:04:54
844e92a0-16be-46e4-9e61-0d72fcb5fca6,25686096,Amsterdam,1.02,7.0,4.4,1.661157,0.272727272727273,0.12396694214876,0.826446280991736,4.396694214876034,0.0,2023-12-30 11:46:46,2023-12-30 11:52:50
054de180-276b-4732-9553-644c9e50a616,25686251,Den Haag,15.87,41.0,12.88,0.0,0.272727272727273,0.12396694214876,0.826446280991736,12.876033057851242,0.0,2023-12-30 11:44:23,2023-12-30 12:32:06
294c7ea8-dd4d-4431-8775-e271eed95db1,25686931,Amsterdam,2.88,6.0,2.46,0.0,0.272727272727273,0.12396694214876,0.826446280991736,2.462809917355372,0.0,2023-12-30 13:07:06,2023-12-30 13:12:07
4d7daea0-13ca-4392-b709-644637913a38,25687019,Enschede,1.73,6.0,2.46,0.0,0.272727272727273,0.12396694214876,0.826446280991736,2.462809917355372,0.0,2023-12-30 13:21:37,2023-12-30 13:27:31
09bea86b-531f-4a3a-9b1c-5c74b68a67d6,25687213,Enschede,4.01,13.0,6.11,0.0,0.272727272727273,0.12396694214876,0.826446280991736,6.107438016528926,0.0,2023-12-30 13:46:05,2023-12-30 14:12:14
8861edb7-9191-468e-83ba-6f2f03d4f480,25688074,Den Haag,2.12,5.0,2.19,0.0,0.272727272727273,0.12396694214876,0.826446280991736,2.1900826446281,0.0,2023-12-30 15:02:53,2023-12-30 15:07:17
f7f85791-c641-487a-9600-f91af3d6fe4d,25688128,Den Bosch,0.86,4.0,1.92,0.0,0.272727272727273,0.12396694214876,0.826446280991736,1.917355371900827,0.0,2023-12-30 15:07:40,2023-12-30 15:10:53
fb151c64-7277-4776-a0ef-e9d660085c65,25687243,Amsterdam,10.55,34.0,17.04,0.0,0.272727272727273,0.12396694214876,0.826446280991736,17.041322314049587,0.0,2023-12-30 13:44:54,2023-12-30 15:14:04
15d21db7-4022-440e-8c1c-0038ec68f7a7,25688198,Rotterdam,8.77,20.0,6.28,0.0,0.272727272727273,0.12396694214876,0.826446280991736,6.28099173553719,0.0,2023-12-30 15:13:59,2023-12-30 15:33:39
1981df5d-5e94-4553-a16e-124a31ef7e3e,25688385,Den Haag,1.86,7.0,2.74,0.0,0.272727272727273,0.12396694214876,0.826446280991736,2.735537190082645,0.0,2023-12-30 15:33:08,2023-12-30 15:39:58
4d40ec15-ff3b-496f-80ac-debe91accd59,25688472,Rotterdam,0.0,2.0,1.37,0.0,0.272727272727273,0.12396694214876,0.826446280991736,1.371900826446281,0.0,2023-12-30 15:45:28,2023-12-30 15:47:11
4d40ec15-ff3b-496f-80ac-debe91accd59,25688557,Rotterdam,2.16,7.0,1.64,0.0,0.272727272727273,0.12396694214876,0.826446280991736,2.735537190082645,1.090909090909091,2023-12-30 15:47:29,2023-12-30 15:53:40
1981df5d-5e94-4553-a16e-124a31ef7e3e,25688800,Den Haag,1.49,6.0,2.46,0.0,0.272727272727273,0.12396694214876,0.826446280991736,2.462809917355372,0.0,2023-12-30 16:08:11,2023-12-30 16:13:38
3ad83911-7e2b-4e17-8057-6b781decf7c6,25688723,Amsterdam,4.23,13.0,4.37,0.0,0.272727272727273,0.12396694214876,0.826446280991736,4.371900826446282,0.0,2023-12-30 16:01:20,2023-12-30 16:14:15
74ef1a54-d7f8-438a-94fb-174992460ba4,25688666,Den Haag,1.48,15.0,4.92,0.0,0.272727272727273,0.12396694214876,0.826446280991736,4.917355371900827,0.0,2023-12-30 16:02:00,2023-12-30 16:16:59
7bf89a31-ef1a-433d-b978-434f50c896de,25688667,Amsterdam,6.77,22.0,4.1,0.0,0.272727272727273,0.12396694214876,0.826446280991736,6.826446280991737,2.727272727272727,2023-12-30 15:59:56,2023-12-30 16:21:27
4d7daea0-13ca-4392-b709-644637913a38,25689392,Enschede,2.34,17.0,5.46,0.0,0.272727272727273,0.12396694214876,0.826446280991736,5.462809917355372,0.0,2023-12-30 16:56:47,2023-12-30 17:13:26
33d70e9c-3dd4-4fc5-b4ac-9c44dd737390,25689533,Rotterdam,0.7,3.0,1.64,0.0,0.272727272727273,0.12396694214876,0.826446280991736,1.644628099173554,0.0,2023-12-30 17:10:37,2023-12-30 17:13:33
31e3cd72-e179-42b4-b738-24809bd1b41d,25689505,Amsterdam,4.16,21.0,6.55,0.0,0.272727272727273,0.12396694214876,0.826446280991736,6.553719008264464,0.0,2023-12-30 17:16:00,2023-12-30 17:36:03
d74880e1-7195-4210-a113-6455fc141f65,25690181,Zwolle,3.51,12.0,0.0,0.0,0.272727272727273,0.12396694214876,0.826446280991736,4.099173553719008,4.099173553719008,2023-12-30 18:15:55,2023-12-30 18:27:01
ba43ca48-5392-4e7a-9ecf-c31b2412752f,25691387,Enschede,0.98,3.0,1.64,0.0,0.272727272727273,0.12396694214876,0.826446280991736,1.644628099173554,0.0,2023-12-30 20:21:34,2023-12-30 20:24:29
844e92a0-16be-46e4-9e61-0d72fcb5fca6,25691152,Amsterdam,2.52,7.0,7.31,4.578512,0.272727272727273,0.12396694214876,0.826446280991736,7.31404958677686,0.0,2023-12-30 20:42:26,2023-12-30 20:49:02
980fc220-bd39-42b6-80a8-fdbd87f96160,25691708,Enschede,3.51,6.0,2.46,0.0,0.272727272727273,0.12396694214876,0.826446280991736,2.462809917355372,0.0,2023-12-30 21:06:05,2023-12-30 21:11:57
f4cf9499-2906-4c84-923c-80b31f63cf8a,25692008,Amsterdam,5.2,10.0,8.14,0.0,0.272727272727273,0.12396694214876,0.826446280991736,8.140495867768594,0.0,2023-12-30 21:55:51,2023-12-30 22:42:22
f4cf9499-2906-4c84-923c-80b31f63cf8a,25692318,Amsterdam,8.01,16.0,5.19,0.0,0.272727272727273,0.12396694214876,0.826446280991736,5.1900826446281,0.0,2023-12-30 22:49:10,2023-12-30 23:04:21
4d7daea0-13ca-4392-b709-644637913a38,25692710,Enschede,4.63,10.0,3.55,0.0,0.272727272727273,0.12396694214876,0.826446280991736,3.553719008264464,0.0,2023-12-30 23:56:31,2023-12-31 00:05:36
f4cf9499-2906-4c84-923c-80b31f63cf8a,25693082,Amsterdam,0.38,2.0,1.37,0.0,0.272727272727273,0.12396694214876,0.826446280991736,1.371900826446281,0.0,2023-12-31 01:23:08,2023-12-31 01:24:35
c5d843cc-3aba-4e0e-abb9-06a9775fca47,25693194,Amsterdam,2.41,8.0,3.01,0.0,0.272727272727273,0.12396694214876,0.826446280991736,3.008264462809918,0.0,2023-12-31 02:00:48,2023-12-31 02:07:52
bfcc1dd0-f452-4b17-97b5-02ddf3f8cacd,25693544,Rotterdam,6.27,16.0,5.19,0.0,0.272727272727273,0.12396694214876,0.826446280991736,5.1900826446281,0.0,2023-12-31 06:38:00,2023-12-31 06:53:15
000fd984-8814-422d-8036-7d8254011c96,25693797,Rotterdam,2.67,10.0,3.55,0.0,0.272727272727273,0.12396694214876,0.826446280991736,3.553719008264464,0.0,2023-12-31 09:42:28,2023-12-31 09:52:10
3f3f8016-a38d-4561-a4b7-6b931ca8cc6d,25694021,Den Haag,1.75,4.0,1.92,0.0,0.272727272727273,0.12396694214876,0.826446280991736,1.917355371900827,0.0,2023-12-31 10:57:14,2023-12-31 11:01:08
ea4d43bc-c8e5-4278-98a7-902005e1ecb8,25694000,Groningen,4.84,17.0,5.96,0.0,0.272727272727273,0.12396694214876,0.826446280991736,5.958677685950414,0.0,2023-12-31 10:52:45,2023-12-31 11:12:57
34103820-6f35-4e77-ae89-874e4e7a0308,25694138,Amsterdam,4.41,10.0,3.55,0.0,0.272727272727273,0.12396694214876,0.826446280991736,3.553719008264464,0.0,2023-12-31 11:25:47,2023-12-31 11:35:45
4d7daea0-13ca-4392-b709-644637913a38,25694605,Enschede,2.91,9.0,3.78,0.0,0.272727272727273,0.12396694214876,0.826446280991736,3.776859504132232,0.0,2023-12-31 12:47:15,2023-12-31 12:59:41
980fc220-bd39-42b6-80a8-fdbd87f96160,25694699,Enschede,3.65,7.0,2.74,0.0,0.272727272727273,0.12396694214876,0.826446280991736,2.735537190082645,0.0,2023-12-31 13:00:56,2023-12-31 13:07:39
cd2bcb80-c2ed-4d0a-9de3-be66d2f33fdd,25694989,Groningen,4.87,13.0,4.37,0.0,0.272727272727273,0.12396694214876,0.826446280991736,4.371900826446282,0.0,2023-12-31 13:36:03,2023-12-31 13:48:05
db09d438-f253-4fc1-a2d5-81d3fe445f22,25695483,Amsterdam,3.81,14.0,4.64,0.0,0.272727272727273,0.12396694214876,0.826446280991736,4.644628099173554,0.0,2023-12-31 14:31:58,2023-12-31 14:45:02
1a47a1ab-5130-4d7f-83f8-767b1830cf45,25695384,Brussels,8.09,23.0,7.22,0.0,0.272727272727273,0.12396694214876,0.826446280991736,7.223140495867771,0.0,2023-12-31 14:28:51,2023-12-31 14:52:11
cd2bcb80-c2ed-4d0a-9de3-be66d2f33fdd,25695552,Groningen,4.72,22.0,6.83,0.0,0.272727272727273,0.12396694214876,0.826446280991736,6.826446280991737,0.0,2023-12-31 14:41:20,2023-12-31 15:03:12
5323d4e4-b0d7-4ae9-ab33-a7c923d1997c,25695739,Enschede,2.34,6.0,2.46,0.0,0.272727272727273,0.12396694214876,0.826446280991736,2.462809917355372,0.0,2023-12-31 14:58:08,2023-12-31 15:03:45
5323d4e4-b0d7-4ae9-ab33-a7c923d1997c,25695977,Enschede,0.39,12.0,4.6,0.0,0.272727272727273,0.12396694214876,0.826446280991736,4.595041322314049,0.0,2023-12-31 15:21:13,2023-12-31 15:36:39
0c0c41fb-58a3-4411-8c76-8131284610dd,25696332,Enschede,0.0,1.0,1.1,0.0,0.272727272727273,0.12396694214876,0.826446280991736,1.099173553719008,0.0,2023-12-31 15:51:29,2023-12-31 15:52:24
4d7daea0-13ca-4392-b709-644637913a38,25696401,Enschede,1.05,4.0,1.92,0.0,0.272727272727273,0.12396694214876,0.826446280991736,1.917355371900827,0.0,2023-12-31 15:55:37,2023-12-31 15:59:20
0c0c41fb-58a3-4411-8c76-8131284610dd,25696356,Enschede,4.81,14.0,3.83,0.0,0.272727272727273,0.12396694214876,0.826446280991736,4.644628099173554,0.818181818181818,2023-12-31 15:55:36,2023-12-31 16:08:44
f4cf9499-2906-4c84-923c-80b31f63cf8a,25697033,Amsterdam,0.0,1.0,1.1,0.0,0.272727272727273,0.12396694214876,0.826446280991736,1.099173553719008,0.0,2023-12-31 16:47:58,2023-12-31 16:48:09
67f51d2a-1106-4422-86e8-a3e27e9a6ce8,25696195,Amsterdam,7.24,31.0,11.83,0.0,0.272727272727273,0.12396694214876,0.826446280991736,13.49586776859504,1.661157024793387,2023-12-31 15:45:16,2023-12-31 16:49:35
f4cf9499-2906-4c84-923c-80b31f63cf8a,25697044,Amsterdam,1.92,6.0,3.58,0.0,0.272727272727273,0.12396694214876,0.826446280991736,3.578512396694215,0.0,2023-12-31 16:48:34,2023-12-31 17:03:02
966a4d81-4d83-47f4-8fc8-4c21efd0b42f,25697747,Amsterdam,8.46,20.0,6.28,0.0,0.272727272727273,0.12396694214876,0.826446280991736,6.28099173553719,0.0,2023-12-31 17:53:25,2023-12-31 18:12:46
4d7daea0-13ca-4392-b709-644637913a38,25697826,Enschede,6.22,27.0,8.31,0.0,0.272727272727273,0.12396694214876,0.826446280991736,8.31404958677686,0.0,2023-12-31 17:55:29,2023-12-31 18:23:10
791406b3-970d-4d24-a17b-f4adfcf416ec,25698482,Rotterdam,2.37,9.0,3.28,0.0,0.272727272727273,0.12396694214876,0.826446280991736,3.280991735537191,0.0,2023-12-31 19:03:30,2023-12-31 19:12:02
3b18c4c6-f14b-4ee7-a728-d03207eabfed,25698715,Amsterdam,3.86,9.0,3.28,0.0,0.272727272727273,0.12396694214876,0.826446280991736,3.280991735537191,0.0,2023-12-31 19:26:49,2023-12-31 19:35:15
ec1d8d67-8ebc-4d02-abd5-6d3eb3c4c614,25698723,Rotterdam,1.22,7.0,2.74,0.0,0.272727272727273,0.12396694214876,0.826446280991736,2.735537190082645,0.0,2023-12-31 19:29:52,2023-12-31 19:36:20
4cc36428-0b0e-46d3-a5b8-58cdab9b4282,25698831,Rotterdam,0.0,1.0,0.0,0.0,0.272727272727273,0.12396694214876,0.826446280991736,1.099173553719008,1.099173553719008,2023-12-31 19:38:20,2023-12-31 19:38:47
4cc36428-0b0e-46d3-a5b8-58cdab9b4282,25698859,Rotterdam,0.4,3.0,0.55,0.0,0.272727272727273,0.12396694214876,0.826446280991736,1.644628099173554,1.090909090909091,2023-12-31 19:44:04,2023-12-31 19:46:29
51761612-4568-4d36-bff9-d0e1040cfa18,25699020,Enschede,0.0,2.0,1.37,0.0,0.272727272727273,0.12396694214876,0.826446280991736,1.371900826446281,0.0,2023-12-31 20:04:08,2023-12-31 20:05:18
6cb4029b-32b0-47d2-9414-7744de653572,25698852,Rotterdam,4.81,28.0,7.35,0.0,0.272727272727273,0.12396694214876,0.826446280991736,8.710743801652894,1.363636363636363,2023-12-31 19:42:28,2023-12-31 20:12:27
51761612-4568-4d36-bff9-d0e1040cfa18,25699070,Enschede,5.69,17.0,5.46,0.0,0.272727272727273,0.12396694214876,0.826446280991736,5.462809917355372,0.0,2023-12-31 20:05:34,2023-12-31 20:22:12
96cf9bb7-2bdd-4a6b-a79f-4f6f642c7a95,25699093,Amsterdam,2.49,18.0,5.74,0.0,0.272727272727273,0.12396694214876,0.826446280991736,5.735537190082646,0.0,2023-12-31 20:11:09,2023-12-31 20:29:06
3bcb819c-3068-42f2-8507-02eefdd2e729,25699207,Amsterdam,8.65,18.0,5.74,0.0,0.272727272727273,0.12396694214876,0.826446280991736,5.735537190082646,0.0,2023-12-31 20:24:42,2023-12-31 20:41:54
cb364dbb-c84f-47e0-bf39-53396cb92dc6,25699358,Den Haag,1.87,11.0,3.83,0.0,0.272727272727273,0.12396694214876,0.826446280991736,3.826446280991737,0.0,2023-12-31 20:40:31,2023-12-31 20:50:32
cb364dbb-c84f-47e0-bf39-53396cb92dc6,25699592,Den Haag,5.74,23.0,7.1,0.0,0.272727272727273,0.12396694214876,0.826446280991736,7.099173553719008,0.0,2023-12-31 21:00:05,2023-12-31 21:23:00
bfcc1dd0-f452-4b17-97b5-02ddf3f8cacd,25699989,Rotterdam,1.01,5.0,0.83,0.0,0.272727272727273,0.12396694214876,0.826446280991736,2.1900826446281,1.363636363636364,2024-01-01 09:23:12,2024-01-01 09:28:02
3ad83911-7e2b-4e17-8057-6b781decf7c6,25700292,Amsterdam,5.52,12.0,4.1,0.0,0.272727272727273,0.12396694214876,0.826446280991736,4.099173553719008,0.0,2024-01-01 11:29:36,2024-01-01 11:40:59
a36664cb-27f6-4735-a781-737cae91ef4b,25700327,Enschede,1.91,10.0,0.0,0.0,0.272727272727273,0.12396694214876,0.826446280991736,3.553719008264464,3.553719008264463,2024-01-01 11:41:49,2024-01-01 11:51:10
3631cf63-b364-40ec-88c2-6ae240d81a0d,25700753,Brussels,1.45,12.0,4.1,0.0,0.272727272727273,0.12396694214876,0.826446280991736,4.099173553719008,0.0,2024-01-01 13:17:10,2024-01-01 13:28:24
3631cf63-b364-40ec-88c2-6ae240d81a0d,25700816,Brussels,4.47,19.0,6.01,0.0,0.272727272727273,0.12396694214876,0.826446280991736,6.008264462809918,0.0,2024-01-01 13:34:58,2024-01-01 13:53:23
9b671caf-f02d-4042-8bc8-f457099b8c64,25700973,Amsterdam,3.32,12.0,4.1,0.0,0.272727272727273,0.12396694214876,0.826446280991736,4.099173553719008,0.0,2024-01-01 13:59:16,2024-01-01 14:10:57
80214ca5-9e7b-4fd5-8bfd-7f6bb3f10d87,25700990,Amsterdam,7.48,24.0,7.37,0.0,0.272727272727273,0.12396694214876,0.826446280991736,7.371900826446281,0.0,2024-01-01 13:59:35,2024-01-01 14:23:02
844e92a0-16be-46e4-9e61-0d72fcb5fca6,25701171,Amsterdam,5.4,62.0,17.74,2.479339,0.272727272727273,0.12396694214876,0.826446280991736,20.21487603305785,2.479338842975207,2024-01-01 14:32:20,2024-01-01 15:33:24
109ae549-595e-40b5-916f-2b0c99c29aec,25701556,Haarlem,5.49,17.0,5.46,0.0,0.272727272727273,0.12396694214876,0.826446280991736,5.462809917355372,0.0,2024-01-01 15:21:07,2024-01-01 15:37:18
966a4d81-4d83-47f4-8fc8-4c21efd0b42f,25701654,Amsterdam,7.24,17.0,5.46,0.0,0.272727272727273,0.12396694214876,0.826446280991736,5.462809917355372,0.0,2024-01-01 15:38:22,2024-01-01 15:54:25
054de180-276b-4732-9553-644c9e50a616,25701749,Den Haag,4.68,11.0,3.83,0.0,0.272727272727273,0.12396694214876,0.826446280991736,3.826446280991737,0.0,2024-01-01 15:52:08,2024-01-01 16:03:04
9e1f3504-6a3a-41b4-8b91-4454929ef975,25701915,Amsterdam,0.56,2.0,1.5,0.0,0.272727272727273,0.12396694214876,0.826446280991736,1.495867768595042,0.0,2024-01-01 16:10:47,2024-01-01 16:13:17
054de180-276b-4732-9553-644c9e50a616,25702089,Den Haag,3.94,11.0,3.83,0.0,0.272727272727273,0.12396694214876,0.826446280991736,3.826446280991737,0.0,2024-01-01 16:31:23,2024-01-01 16:41:37
3ac4826a-56bd-4391-bd63-999482546707,25702286,Amsterdam,5.35,15.0,4.92,0.0,0.272727272727273,0.12396694214876,0.826446280991736,4.917355371900827,0.0,2024-01-01 16:52:16,2024-01-01 17:06:39
054de180-276b-4732-9553-644c9e50a616,25702380,Den Haag,0.0,1.0,1.1,0.0,0.272727272727273,0.12396694214876,0.826446280991736,1.099173553719008,0.0,2024-01-01 17:07:27,2024-01-01 17:08:14
054de180-276b-4732-9553-644c9e50a616,25702496,Den Haag,3.29,11.0,3.01,0.0,0.272727272727273,0.12396694214876,0.826446280991736,3.826446280991737,0.818181818181818,2024-01-01 17:22:12,2024-01-01 17:32:53
3ac4826a-56bd-4391-bd63-999482546707,25702712,Amsterdam,10.62,27.0,8.19,0.0,0.272727272727273,0.12396694214876,0.826446280991736,8.190082644628099,0.0,2024-01-01 17:53:57,2024-01-01 18:20:46
cc3e2e43-6071-4116-8f34-f639ad0e7ad6,25703156,Rotterdam,3.15,11.0,4.32,0.0,0.272727272727273,0.12396694214876,0.826446280991736,4.322314049586777,0.0,2024-01-01 19:28:26,2024-01-01 19:42:46
cc3e2e43-6071-4116-8f34-f639ad0e7ad6,25703344,Rotterdam,4.87,17.0,4.22,0.0,0.272727272727273,0.12396694214876,0.826446280991736,6.950413223140496,2.727272727272727,2024-01-01 20:02:49,2024-01-01 20:30:55
b0bdff66-3c16-430c-b780-93d8aad88e9c,25703767,Den Bosch,2.66,7.0,2.74,0.0,0.272727272727273,0.12396694214876,0.826446280991736,2.735537190082645,0.0,2024-01-01 21:25:35,2024-01-01 21:32:02
9ebb1a0a-8bbf-4a1f-be10-594366e6a4e5,25704440,Den Haag,2.81,6.0,2.46,0.0,0.272727272727273,0.12396694214876,0.826446280991736,2.462809917355372,0.0,2024-01-02 03:53:39,2024-01-02 03:59:36
9ebb1a0a-8bbf-4a1f-be10-594366e6a4e5,25704494,Den Haag,2.64,9.0,3.28,0.0,0.272727272727273,0.12396694214876,0.826446280991736,3.280991735537191,0.0,2024-01-02 06:00:05,2024-01-02 06:08:30
4d7daea0-13ca-4392-b709-644637913a38,25704988,Enschede,1.73,6.0,1.1,0.0,0.272727272727273,0.12396694214876,0.826446280991736,2.462809917355372,1.363636363636364,2024-01-02 08:45:07,2024-01-02 08:50:21
3f3f8016-a38d-4561-a4b7-6b931ca8cc6d,25704983,Den Haag,5.95,14.0,4.64,0.0,0.272727272727273,0.12396694214876,0.826446280991736,4.644628099173554,0.0,2024-01-02 08:48:45,2024-01-02 09:02:36
980fc220-bd39-42b6-80a8-fdbd87f96160,25705408,Enschede,3.75,7.0,2.74,0.0,0.272727272727273,0.12396694214876,0.826446280991736,2.735537190082645,0.0,2024-01-02 10:29:00,2024-01-02 10:35:53
90356942-5bd0-496e-8491-52e918ca181e,25706077,Rotterdam,2.11,5.0,2.19,0.0,0.272727272727273,0.12396694214876,0.826446280991736,2.1900826446281,0.0,2024-01-02 13:00:37,2024-01-02 13:05:34
493be250-aa9f-4485-8774-5a7e5f6d4dde,25706837,Rotterdam,1.03,4.0,1.92,0.0,0.272727272727273,0.12396694214876,0.826446280991736,1.917355371900827,0.0,2024-01-02 16:10:18,2024-01-02 16:14:01
8144bd62-84f6-43a3-b654-4f8bf79fa877,25706977,Amsterdam,1.35,6.0,2.46,0.0,0.272727272727273,0.12396694214876,0.826446280991736,2.462809917355372,0.0,2024-01-02 16:36:18,2024-01-02 16:41:41
266a41f4-e355-4c6f-a53f-5d3873cba64b,25707185,Enschede,1.0,3.0,1.64,0.0,0.272727272727273,0.12396694214876,0.826446280991736,1.644628099173554,0.0,2024-01-02 17:14:59,2024-01-02 17:17:55
1aae3f71-d331-4af7-ac31-885e51d81f5d,25707161,Groningen,3.6,15.0,4.92,0.0,0.272727272727273,0.12396694214876,0.826446280991736,4.917355371900827,0.0,2024-01-02 17:10:03,2024-01-02 17:24:46
8144bd62-84f6-43a3-b654-4f8bf79fa877,25707252,Amsterdam,2.62,9.0,3.28,0.0,0.272727272727273,0.12396694214876,0.826446280991736,3.280991735537191,0.0,2024-01-02 17:26:39,2024-01-02 17:35:36
80360dfa-c7ee-4d2d-b83a-d593b24f5c9f,25707265,Haarlem,2.12,8.0,3.01,0.0,0.272727272727273,0.12396694214876,0.826446280991736,3.008264462809918,0.0,2024-01-02 17:32:52,2024-01-02 17:39:53
dce00ac1-ee2a-46f4-817b-25687c05c2f6,25709346,Den Haag,1.25,6.0,2.46,0.0,0.272727272727273,0.12396694214876,0.826446280991736,2.462809917355372,0.0,2024-01-03 07:54:51,2024-01-03 08:00:27
b6097966-26dd-4f0f-9b87-d228bc472688,25709431,Enschede,1.09,5.0,2.19,0.0,0.272727272727273,0.12396694214876,0.826446280991736,2.1900826446281,0.0,2024-01-03 08:17:25,2024-01-03 08:21:55
15d21db7-4022-440e-8c1c-0038ec68f7a7,25709698,Rotterdam,0.91,4.0,1.92,0.0,0.272727272727273,0.12396694214876,0.826446280991736,1.917355371900827,0.0,2024-01-03 09:00:39,2024-01-03 09:03:44
d245f3fd-b98d-4f0a-910a-4c614b3db50a,25710862,Groningen,2.49,12.0,4.1,0.0,0.272727272727273,0.12396694214876,0.826446280991736,4.099173553719008,0.0,2024-01-03 13:16:11,2024-01-03 13:27:48
ba9aa024-ee35-4f51-8bff-71697ccec448,25711323,Den Haag,2.92,11.0,3.83,0.0,0.272727272727273,0.12396694214876,0.826446280991736,3.826446280991737,0.0,2024-01-03 14:34:50,2024-01-03 14:45:11
d245f3fd-b98d-4f0a-910a-4c614b3db50a,25711553,Groningen,3.2,11.0,3.83,0.0,0.272727272727273,0.12396694214876,0.826446280991736,3.826446280991737,0.0,2024-01-03 15:11:10,2024-01-03 15:21:44
fb151c64-7277-4776-a0ef-e9d660085c65,25711567,Amsterdam,4.42,11.0,2.46,0.0,0.272727272727273,0.12396694214876,0.826446280991736,3.826446280991737,1.363636363636364,2024-01-03 15:18:57,2024-01-03 15:29:37
072b400c-63ec-444e-b4e9-18d5f584491f,25711800,Rotterdam,3.44,8.0,3.01,0.0,0.272727272727273,0.12396694214876,0.826446280991736,3.008264462809918,0.0,2024-01-03 15:53:42,2024-01-03 16:01:17
072b400c-63ec-444e-b4e9-18d5f584491f,25712082,Rotterdam,1.94,5.0,1.93,0.0,0.272727272727273,0.12396694214876,0.826446280991736,2.1900826446281,0.264462809917355,2024-01-03 16:33:21,2024-01-03 16:37:43
b6097966-26dd-4f0f-9b87-d228bc472688,25712013,Enschede,1.07,7.0,2.74,0.0,0.272727272727273,0.12396694214876,0.826446280991736,2.735537190082645,0.0,2024-01-03 16:31:49,2024-01-03 16:37:53
c432d3a8-c983-4e58-8ddb-530797cc5f3c,25712154,Den Haag,3.72,14.0,5.14,0.0,0.272727272727273,0.12396694214876,0.826446280991736,5.140495867768595,0.0,2024-01-03 16:45:26,2024-01-03 17:03:07
8b8cc7bb-4d66-4cff-9058-8e3eb4110d28,25712050,Enschede,4.48,14.0,7.12,0.0,0.272727272727273,0.12396694214876,0.826446280991736,7.123966942148761,0.0,2024-01-03 16:32:52,2024-01-03 17:06:02
0200fd94-ef74-46ad-8375-3d22511af169,25712293,Enschede,3.6,10.0,3.14,0.0,0.272727272727273,0.12396694214876,0.826446280991736,3.677685950413224,0.537190082644628,2024-01-03 17:00:49,2024-01-03 17:11:25
773b6019-7929-4ae3-99f1-d76fd6f0af1a,25712591,Groningen,0.0,1.0,1.1,0.0,0.272727272727273,0.12396694214876,0.826446280991736,1.099173553719008,0.0,2024-01-03 17:33:05,2024-01-03 17:33:20
773b6019-7929-4ae3-99f1-d76fd6f0af1a,25712604,Groningen,3.86,14.0,4.07,0.0,0.272727272727273,0.12396694214876,0.826446280991736,4.892561983471074,0.818181818181818,2024-01-03 17:34:25,2024-01-03 17:50:03
4812b53f-b950-408f-8ad5-35e256b1e546,25712647,Amsterdam,7.02,16.0,5.19,0.0,0.272727272727273,0.12396694214876,0.826446280991736,5.1900826446281,0.0,2024-01-03 17:43:16,2024-01-03 17:58:19
072b400c-63ec-444e-b4e9-18d5f584491f,25712945,Rotterdam,1.88,4.0,1.92,0.0,0.272727272727273,0.12396694214876,0.826446280991736,1.917355371900827,0.0,2024-01-03 18:16:24,2024-01-03 18:20:12
14ba1a73-fba2-455b-b224-7333361e4f40,25713059,Enschede,1.45,7.0,2.74,0.0,0.272727272727273,0.12396694214876,0.826446280991736,2.735537190082645,0.0,2024-01-03 18:31:02,2024-01-03 18:37:03
ad6ae460-c139-4eb6-a6ec-ea54b3e7261c,25712990,Amsterdam,2.96,13.0,4.37,0.0,0.272727272727273,0.12396694214876,0.826446280991736,4.371900826446282,0.0,2024-01-03 18:27:01,2024-01-03 18:39:39
14ba1a73-fba2-455b-b224-7333361e4f40,25713232,Enschede,1.1,4.0,1.92,0.0,0.272727272727273,0.12396694214876,0.826446280991736,1.917355371900827,0.0,2024-01-03 18:55:24,2024-01-03 18:58:28
14ba1a73-fba2-455b-b224-7333361e4f40,25713968,Enschede,1.92,7.0,2.74,0.0,0.272727272727273,0.12396694214876,0.826446280991736,2.735537190082645,0.0,2024-01-03 21:27:17,2024-01-03 21:34:14
980fc220-bd39-42b6-80a8-fdbd87f96160,25714010,Enschede,2.95,7.0,2.74,0.0,0.272727272727273,0.12396694214876,0.826446280991736,2.735537190082645,0.0,2024-01-03 21:34:20,2024-01-03 21:40:26
8144bd62-84f6-43a3-b654-4f8bf79fa877,25714045,Amsterdam,2.54,10.0,3.55,0.0,0.272727272727273,0.12396694214876,0.826446280991736,3.553719008264464,0.0,2024-01-03 21:49:05,2024-01-03 21:58:30
ad6ae460-c139-4eb6-a6ec-ea54b3e7261c,25714162,Amsterdam,3.58,10.0,4.17,0.0,0.272727272727273,0.12396694214876,0.826446280991736,4.173553719008266,0.0,2024-01-03 22:15:39,2024-01-03 22:30:13
bc259406-d43e-4c1f-ae81-645f9f096f34,25714405,Enschede,3.4,7.0,2.74,0.0,0.272727272727273,0.12396694214876,0.826446280991736,2.735537190082645,0.0,2024-01-03 23:20:02,2024-01-03 23:26:27
b8e98574-5795-4cbe-9e77-182926a4cb7c,25714489,Enschede,3.31,10.0,3.55,0.0,0.272727272727273,0.12396694214876,0.826446280991736,3.553719008264464,0.0,2024-01-03 23:49:35,2024-01-03 23:59:09
80360dfa-c7ee-4d2d-b83a-d593b24f5c9f,25714552,Haarlem,4.44,15.0,4.92,0.0,0.272727272727273,0.12396694214876,0.826446280991736,4.917355371900827,0.0,2024-01-04 00:07:06,2024-01-04 00:21:50
493be250-aa9f-4485-8774-5a7e5f6d4dde,25714578,Rotterdam,1.48,5.0,2.19,0.0,0.272727272727273,0.12396694214876,0.826446280991736,2.1900826446281,0.0,2024-01-04 00:18:36,2024-01-04 00:23:04
0accb2bf-8ae7-4936-a47d-1b52b4742a66,25714933,Groningen,1.16,4.0,1.92,0.0,0.272727272727273,0.12396694214876,0.826446280991736,1.917355371900827,0.0,2024-01-04 07:06:11,2024-01-04 07:10:09
40de2ab4-bd97-485c-b365-cde122a9963a,25715012,Enschede,3.21,12.0,3.45,0.0,0.272727272727273,0.12396694214876,0.826446280991736,4.099173553719008,0.644628099173554,2024-01-04 07:35:21,2024-01-04 07:46:22
4cc36428-0b0e-46d3-a5b8-58cdab9b4282,25715074,Rotterdam,2.78,9.0,3.28,0.0,0.272727272727273,0.12396694214876,0.826446280991736,3.280991735537191,0.0,2024-01-04 07:50:51,2024-01-04 07:59:25
ba9aa024-ee35-4f51-8bff-71697ccec448,25715245,Den Haag,1.32,5.0,2.19,0.0,0.272727272727273,0.12396694214876,0.826446280991736,2.1900826446281,0.0,2024-01-04 08:28:06,2024-01-04 08:33:06
ac7490d2-c963-45dd-97cf-50ed15ff96a2,25715331,Amsterdam,4.19,15.0,4.92,0.0,0.272727272727273,0.12396694214876,0.826446280991736,4.917355371900827,0.0,2024-01-04 08:46:00,2024-01-04 09:00:49
0a93dc67-53e0-4491-9a2b-a375ebcb7df9,25715688,Enschede,6.93,16.0,3.83,0.0,0.272727272727273,0.12396694214876,0.826446280991736,5.1900826446281,1.363636363636364,2024-01-04 09:47:51,2024-01-04 10:03:19
980fc220-bd39-42b6-80a8-fdbd87f96160,25715990,Enschede,3.58,7.0,2.74,0.0,0.272727272727273,0.12396694214876,0.826446280991736,2.735537190082645,0.0,2024-01-04 11:04:42,2024-01-04 11:11:06
fb151c64-7277-4776-a0ef-e9d660085c65,25716042,Amsterdam,5.67,22.0,6.83,0.0,0.272727272727273,0.12396694214876,0.826446280991736,6.826446280991737,0.0,2024-01-04 11:11:59,2024-01-04 11:33:41
844e92a0-16be-46e4-9e61-0d72fcb5fca6,25716047,Amsterdam,0.95,5.0,4.26,3.438017,0.272727272727273,0.12396694214876,0.826446280991736,5.62809917355372,1.363636363636363,2024-01-04 11:50:14,2024-01-04 11:54:46
5080f33e-a28e-48e9-8690-1841895acf0e,25716185,Den Haag,1.77,8.0,3.01,0.0,0.272727272727273,0.12396694214876,0.826446280991736,3.008264462809918,0.0,2024-01-04 11:51:54,2024-01-04 11:59:09
4812b53f-b950-408f-8ad5-35e256b1e546,25716178,Amsterdam,6.57,14.0,7.26,2.61157,0.272727272727273,0.12396694214876,0.826446280991736,7.256198347107439,0.0,2024-01-04 12:14:07,2024-01-04 12:27:35
844e92a0-16be-46e4-9e61-0d72fcb5fca6,25716779,Amsterdam,0.62,3.0,1.64,0.0,0.272727272727273,0.12396694214876,0.826446280991736,1.644628099173554,0.0,2024-01-04 13:27:16,2024-01-04 13:29:39
980fc220-bd39-42b6-80a8-fdbd87f96160,25716907,Enschede,1.8,4.0,1.92,0.0,0.272727272727273,0.12396694214876,0.826446280991736,1.917355371900827,0.0,2024-01-04 13:50:34,2024-01-04 13:54:11
4dae285e-092e-4b62-aab2-0afb96c25384,25716930,Breda,0.0,2.0,1.37,0.0,0.272727272727273,0.12396694214876,0.826446280991736,1.371900826446281,0.0,2024-01-04 13:56:27,2024-01-04 13:57:41
4dae285e-092e-4b62-aab2-0afb96c25384,25716949,Breda,2.35,6.0,1.92,0.0,0.272727272727273,0.12396694214876,0.826446280991736,2.462809917355372,0.545454545454546,2024-01-04 13:57:59,2024-01-04 14:03:50
4dae285e-092e-4b62-aab2-0afb96c25384,25717044,Breda,2.4,7.0,2.74,0.0,0.272727272727273,0.12396694214876,0.826446280991736,2.735537190082645,0.0,2024-01-04 14:16:11,2024-01-04 14:23:07
493be250-aa9f-4485-8774-5a7e5f6d4dde,25717087,Rotterdam,1.7,6.0,2.46,0.0,0.272727272727273,0.12396694214876,0.826446280991736,2.462809917355372,0.0,2024-01-04 14:28:29,2024-01-04 14:34:14
a36664cb-27f6-4735-a781-737cae91ef4b,25717711,Enschede,0.0,2.0,0.0,0.0,0.272727272727273,0.12396694214876,0.826446280991736,1.371900826446281,1.371900826446281,2024-01-04 15:56:41,2024-01-04 15:57:44
a36664cb-27f6-4735-a781-737cae91ef4b,25717724,Enschede,2.41,19.0,7.07,0.0,0.272727272727273,0.12396694214876,0.826446280991736,7.619834710743802,0.545454545454546,2024-01-04 15:58:23,2024-01-04 16:29:37
2fbc3d9c-f73b-4d0c-9c1f-71562b664e8a,25718013,Den Haag,2.38,8.0,3.01,0.0,0.272727272727273,0.12396694214876,0.826446280991736,3.008264462809918,0.0,2024-01-04 16:40:39,2024-01-04 16:48:05
2c93ac78-4f99-471d-81a3-5003e896ee23,25718427,Haarlem,4.95,14.0,4.64,0.0,0.272727272727273,0.12396694214876,0.826446280991736,4.644628099173554,0.0,2024-01-04 17:35:42,2024-01-04 17:49:35
4cc36428-0b0e-46d3-a5b8-58cdab9b4282,25718826,Rotterdam,1.42,5.0,2.19,0.0,0.272727272727273,0.12396694214876,0.826446280991736,2.1900826446281,0.0,2024-01-04 18:04:29,2024-01-04 18:09:03
4dae285e-092e-4b62-aab2-0afb96c25384,25720281,Rotterdam,9.81,23.0,5.74,0.0,0.272727272727273,0.12396694214876,0.826446280991736,7.099173553719008,1.363636363636363,2024-01-04 21:38:01,2024-01-04 22:00:03
34a4fe18-2365-403b-bdd4-0e710efcce4e,25720451,Groningen,2.31,9.0,3.28,0.0,0.272727272727273,0.12396694214876,0.826446280991736,3.280991735537191,0.0,2024-01-04 22:22:11,2024-01-04 22:30:18
14ba1a73-fba2-455b-b224-7333361e4f40,25720492,Enschede,1.21,6.0,2.46,0.0,0.272727272727273,0.12396694214876,0.826446280991736,2.462809917355372,0.0,2024-01-04 22:30:28,2024-01-04 22:35:41
2c93ac78-4f99-471d-81a3-5003e896ee23,25720664,Haarlem,4.4,13.0,4.37,0.0,0.272727272727273,0.12396694214876,0.826446280991736,4.371900826446282,0.0,2024-01-04 23:28:53,2024-01-04 23:41:43
e02c0eb7-905b-46e0-a6aa-7ea9eca8e1a7,25720751,Enschede,10.57,21.0,6.83,0.0,0.272727272727273,0.12396694214876,0.826446280991736,6.553719008264464,-0.272727272727273,2024-01-04 23:52:20,2024-01-05 00:13:06
56cba34b-da64-4142-8511-53c87eef3667,25721017,Amsterdam,4.27,10.0,3.55,0.0,0.272727272727273,0.12396694214876,0.826446280991736,3.553719008264464,0.0,2024-01-05 01:41:33,2024-01-05 01:51:17
e916403a-2dc6-44f5-af70-ee7e15025d11,25721213,Amsterdam,2.66,11.0,3.83,0.0,0.272727272727273,0.12396694214876,0.826446280991736,3.826446280991737,0.0,2024-01-05 05:29:14,2024-01-05 05:39:29
4cc36428-0b0e-46d3-a5b8-58cdab9b4282,25721442,Rotterdam,2.71,7.0,2.74,0.0,0.272727272727273,0.12396694214876,0.826446280991736,2.735537190082645,0.0,2024-01-05 07:47:50,2024-01-05 07:54:34
80360dfa-c7ee-4d2d-b83a-d593b24f5c9f,25721439,Haarlem,5.29,12.0,4.1,0.0,0.272727272727273,0.12396694214876,0.826446280991736,4.099173553719008,0.0,2024-01-05 07:47:56,2024-01-05 07:59:28
ba9aa024-ee35-4f51-8bff-71697ccec448,25721582,Den Haag,1.51,6.0,2.46,0.0,0.272727272727273,0.12396694214876,0.826446280991736,2.462809917355372,0.0,2024-01-05 08:25:01,2024-01-05 08:30:55
15d21db7-4022-440e-8c1c-0038ec68f7a7,25722018,Rotterdam,0.86,3.0,1.64,0.0,0.272727272727273,0.12396694214876,0.826446280991736,1.644628099173554,0.0,2024-01-05 09:38:02,2024-01-05 09:40:59
ab60217c-12a6-4550-915d-4ea6a429a898,25722093,Den Bosch,1.1,5.0,2.19,0.0,0.272727272727273,0.12396694214876,0.826446280991736,2.1900826446281,0.0,2024-01-05 09:50:22,2024-01-05 09:54:24
980fc220-bd39-42b6-80a8-fdbd87f96160,25722073,Enschede,3.69,7.0,2.74,0.0,0.272727272727273,0.12396694214876,0.826446280991736,2.735537190082645,0.0,2024-01-05 09:51:43,2024-01-05 09:58:24
8b8cc7bb-4d66-4cff-9058-8e3eb4110d28,25722125,Enschede,2.18,6.0,2.46,0.0,0.272727272727273,0.12396694214876,0.826446280991736,2.462809917355372,0.0,2024-01-05 09:59:35,2024-01-05 10:04:49
ab60217c-12a6-4550-915d-4ea6a429a898,25722184,Den Bosch,1.1,5.0,2.19,0.0,0.272727272727273,0.12396694214876,0.826446280991736,2.1900826446281,0.0,2024-01-05 10:11:31,2024-01-05 10:15:33
4cde47f7-332d-49f2-8e7a-4a01b5d8d7a0,25722293,Rotterdam,3.35,8.0,3.01,0.0,0.272727272727273,0.12396694214876,0.826446280991736,3.008264462809918,0.0,2024-01-05 10:37:14,2024-01-05 10:44:42
bec4346e-7523-4b71-946f-317b1a035215,25722304,Amsterdam,1.09,5.0,2.19,0.0,0.272727272727273,0.12396694214876,0.826446280991736,2.1900826446281,0.0,2024-01-05 10:43:46,2024-01-05 10:48:17
966a4d81-4d83-47f4-8fc8-4c21efd0b42f,25722243,Amsterdam,6.44,19.0,6.01,0.0,0.272727272727273,0.12396694214876,0.826446280991736,6.008264462809918,0.0,2024-01-05 10:32:07,2024-01-05 10:51:04
14ba1a73-fba2-455b-b224-7333361e4f40,25722345,Enschede,1.04,5.0,2.19,0.0,0.272727272727273,0.12396694214876,0.826446280991736,2.1900826446281,0.0,2024-01-05 10:56:01,2024-01-05 11:00:06
844e92a0-16be-46e4-9e61-0d72fcb5fca6,25722247,Amsterdam,0.63,3.0,5.55,3.909091,0.272727272727273,0.12396694214876,0.826446280991736,5.553719008264464,0.0,2024-01-05 11:09:26,2024-01-05 11:11:28
16a31840-d768-4387-816a-74d6cffbf11e,25722454,Groningen,0.97,6.0,2.46,0.0,0.272727272727273,0.12396694214876,0.826446280991736,2.462809917355372,0.0,2024-01-05 11:21:20,2024-01-05 11:26:22
14ba1a73-fba2-455b-b224-7333361e4f40,25722480,Enschede,1.24,5.0,2.19,0.0,0.272727272727273,0.12396694214876,0.826446280991736,2.1900826446281,0.0,2024-01-05 11:25:22,2024-01-05 11:30:11
80360dfa-c7ee-4d2d-b83a-d593b24f5c9f,25722459,Haarlem,5.28,13.0,3.01,0.0,0.272727272727273,0.12396694214876,0.826446280991736,4.371900826446282,1.363636363636364,2024-01-05 11:19:58,2024-01-05 11:32:22
4812b53f-b950-408f-8ad5-35e256b1e546,25722814,Amsterdam,6.3,16.0,5.19,0.0,0.272727272727273,0.12396694214876,0.826446280991736,5.1900826446281,0.0,2024-01-05 12:37:48,2024-01-05 12:53:10
0e307b5e-1e3e-4e70-97c8-e9d820bca3b2,25723303,Rotterdam,10.45,17.0,5.46,0.0,0.272727272727273,0.12396694214876,0.826446280991736,5.462809917355372,0.0,2024-01-05 13:56:40,2024-01-05 14:13:21
bc259406-d43e-4c1f-ae81-645f9f096f34,25723371,Enschede,1.98,5.0,2.19,0.0,0.272727272727273,0.12396694214876,0.826446280991736,2.1900826446281,0.0,2024-01-05 14:12:51,2024-01-05 14:17:20
5aab7cc1-e43d-452f-ba41-0a22b0dbed65,25723610,Amsterdam,3.03,13.0,4.37,0.0,0.272727272727273,0.12396694214876,0.826446280991736,4.371900826446282,0.0,2024-01-05 14:54:43,2024-01-05 15:07:37
cc3e2e43-6071-4116-8f34-f639ad0e7ad6,25723676,Rotterdam,5.76,66.0,0.0,0.0,0.272727272727273,0.12396694214876,0.826446280991736,19.44628099173553,19.44628099173553,2024-01-05 15:09:40,2024-01-05 16:19:52
cc3e2e43-6071-4116-8f34-f639ad0e7ad6,25724296,Rotterdam,3.2,10.0,0.0,0.0,0.272727272727273,0.12396694214876,0.826446280991736,3.925619834710744,3.925619834710744,2024-01-05 16:26:38,2024-01-05 16:38:48
26c0a681-9e67-4460-950a-cd801233a0ab,25724596,Rotterdam,2.0,7.0,3.11,0.0,0.272727272727273,0.12396694214876,0.826446280991736,3.107438016528926,0.0,2024-01-05 17:02:54,2024-01-05 17:12:36
68cd6753-75e6-445b-a9ad-695bfdc4e7fb,25724899,Amsterdam,2.91,9.0,3.28,0.0,0.272727272727273,0.12396694214876,0.826446280991736,3.280991735537191,0.0,2024-01-05 17:27:46,2024-01-05 17:36:17
3631cf63-b364-40ec-88c2-6ae240d81a0d,25725044,Brussels,3.07,16.0,5.19,0.0,0.272727272727273,0.12396694214876,0.826446280991736,5.1900826446281,0.0,2024-01-05 17:45:28,2024-01-05 18:00:48
4cc36428-0b0e-46d3-a5b8-58cdab9b4282,25725240,Rotterdam,0.8,10.0,3.55,0.0,0.272727272727273,0.12396694214876,0.826446280991736,3.553719008264464,0.0,2024-01-05 17:57:44,2024-01-05 18:07:32
4bc337e0-db6c-4460-9402-5d9ab4526e7a,25725464,Amsterdam,3.28,13.0,4.37,0.0,0.272727272727273,0.12396694214876,0.826446280991736,4.371900826446282,0.0,2024-01-05 18:16:29,2024-01-05 18:28:51
4bc337e0-db6c-4460-9402-5d9ab4526e7a,25725708,Amsterdam,0.0,2.0,1.37,0.0,0.272727272727273,0.12396694214876,0.826446280991736,1.371900826446281,0.0,2024-01-05 18:42:00,2024-01-05 18:43:09
980fc220-bd39-42b6-80a8-fdbd87f96160,25725846,Enschede,3.59,8.0,3.01,0.0,0.272727272727273,0.12396694214876,0.826446280991736,3.008264462809918,0.0,2024-01-05 18:55:16,2024-01-05 19:02:26
8b8cc7bb-4d66-4cff-9058-8e3eb4110d28,25725837,Enschede,4.06,9.0,3.9,0.0,0.272727272727273,0.12396694214876,0.826446280991736,3.900826446280993,0.0,2024-01-05 18:54:26,2024-01-05 19:08:14
5aab7cc1-e43d-452f-ba41-0a22b0dbed65,25726414,Amsterdam,9.22,22.0,6.83,0.0,0.272727272727273,0.12396694214876,0.826446280991736,6.826446280991737,0.0,2024-01-05 20:03:44,2024-01-05 20:25:22
3631cf63-b364-40ec-88c2-6ae240d81a0d,25726610,Brussels,5.22,15.0,4.92,0.0,0.272727272727273,0.12396694214876,0.826446280991736,4.917355371900827,0.0,2024-01-05 20:40:44,2024-01-05 20:55:15
44b3f1c6-ab1b-4513-9b14-9bf7326d2365,25726893,Enschede,4.03,15.0,4.92,0.0,0.272727272727273,0.12396694214876,0.826446280991736,4.917355371900827,0.0,2024-01-05 21:23:24,2024-01-05 21:38:05
cf37089c-5f93-41cd-9425-4a4dbc86b406,25727030,Groningen,1.99,6.0,2.46,0.0,0.272727272727273,0.12396694214876,0.826446280991736,2.462809917355372,0.0,2024-01-05 21:42:45,2024-01-05 21:47:51
e165f325-adce-4252-b69f-83b08d877bce,25727024,Rotterdam,2.53,9.0,3.28,0.0,0.272727272727273,0.12396694214876,0.826446280991736,3.280991735537191,0.0,2024-01-05 21:42:54,2024-01-05 21:51:45
844e92a0-16be-46e4-9e61-0d72fcb5fca6,25726905,Amsterdam,2.14,6.0,5.43,2.966942,0.272727272727273,0.12396694214876,0.826446280991736,5.429752066115703,0.0,2024-01-05 21:54:34,2024-01-05 22:00:06
b904cc1b-fe61-4d23-a440-b64b93598f46,25727145,Rotterdam,3.68,9.0,3.28,0.0,0.272727272727273,0.12396694214876,0.826446280991736,3.280991735537191,0.0,2024-01-05 22:08:18,2024-01-05 22:17:13
0df15924-0e9e-4499-9bcd-fc823a81e98f,25727224,Den Haag,6.62,17.0,5.46,0.0,0.272727272727273,0.12396694214876,0.826446280991736,5.462809917355372,0.0,2024-01-05 22:22:36,2024-01-05 22:39:14
a9ad8424-8220-4521-83c7-f2fae626ab81,25727273,Den Haag,7.91,15.0,4.92,0.0,0.272727272727273,0.12396694214876,0.826446280991736,4.917355371900827,0.0,2024-01-05 22:27:52,2024-01-05 22:42:30
cf37089c-5f93-41cd-9425-4a4dbc86b406,25727500,Groningen,2.44,8.0,3.01,0.0,0.272727272727273,0.12396694214876,0.826446280991736,3.008264462809918,0.0,2024-01-05 23:03:22,2024-01-05 23:11:22
c05aabbf-94de-46f5-b957-1573a8ea4881,25727567,Rotterdam,3.31,12.0,4.1,0.0,0.272727272727273,0.12396694214876,0.826446280991736,4.099173553719008,0.0,2024-01-05 23:15:25,2024-01-05 23:26:48
bc259406-d43e-4c1f-ae81-645f9f096f34,25727711,Enschede,2.9,8.0,3.01,0.0,0.272727272727273,0.12396694214876,0.826446280991736,3.008264462809918,0.0,2024-01-05 23:47:58,2024-01-05 23:55:28
0c6e7073-0890-48f5-b239-615181579fdf,25727770,Amsterdam,8.05,19.0,6.01,0.0,0.272727272727273,0.12396694214876,0.826446280991736,6.008264462809918,0.0,2024-01-05 23:55:19,2024-01-06 00:13:43
5323d4e4-b0d7-4ae9-ab33-a7c923d1997c,25727866,Enschede,3.53,12.0,4.1,0.0,0.272727272727273,0.12396694214876,0.826446280991736,4.099173553719008,0.0,2024-01-06 00:21:54,2024-01-06 00:33:47
dd2cb339-31bc-4d8c-aac1-0f530c111d91,25728156,Amsterdam,1.66,5.0,2.19,0.0,0.272727272727273,0.12396694214876,0.826446280991736,2.1900826446281,0.0,2024-01-06 01:22:13,2024-01-06 01:26:51
ba9aa024-ee35-4f51-8bff-71697ccec448,25728196,Den Haag,7.3,20.0,8.76,0.0,0.272727272727273,0.12396694214876,0.826446280991736,8.760330578512399,0.0,2024-01-06 01:34:21,2024-01-06 02:13:33
7b1138f7-e2ac-4bd8-9c51-88d9c694e711,25728441,Amsterdam,9.93,19.0,6.01,0.0,0.272727272727273,0.12396694214876,0.826446280991736,6.008264462809918,0.0,2024-01-06 03:11:17,2024-01-06 03:29:29
0df15924-0e9e-4499-9bcd-fc823a81e98f,25728518,Den Haag,7.16,14.0,4.64,0.0,0.272727272727273,0.12396694214876,0.826446280991736,4.644628099173554,0.0,2024-01-06 03:36:12,2024-01-06 03:49:52
44b3f1c6-ab1b-4513-9b14-9bf7326d2365,25728668,Enschede,0.0,1.0,1.1,0.0,0.272727272727273,0.12396694214876,0.826446280991736,1.099173553719008,0.0,2024-01-06 05:27:51,2024-01-06 05:28:30
44b3f1c6-ab1b-4513-9b14-9bf7326d2365,25728671,Enschede,3.2,33.0,10.2,0.0,0.272727272727273,0.12396694214876,0.826446280991736,10.198347107438016,0.0,2024-01-06 05:29:12,2024-01-06 06:05:01
44b3f1c6-ab1b-4513-9b14-9bf7326d2365,25728708,Enschede,3.99,9.0,1.44,0.0,0.272727272727273,0.12396694214876,0.826446280991736,3.280991735537191,1.842975206611571,2024-01-06 06:09:33,2024-01-06 06:18:20
44b3f1c6-ab1b-4513-9b14-9bf7326d2365,25728768,Enschede,1.89,5.0,2.19,0.0,0.272727272727273,0.12396694214876,0.826446280991736,2.1900826446281,0.0,2024-01-06 06:51:44,2024-01-06 06:56:26
ba9aa024-ee35-4f51-8bff-71697ccec448,25728920,Den Haag,1.76,6.0,2.46,0.0,0.272727272727273,0.12396694214876,0.826446280991736,2.462809917355372,0.0,2024-01-06 08:27:55,2024-01-06 08:33:09
e720f7e2-45dd-406f-bc77-1366dbc7a451,25729106,Enschede,1.36,3.0,1.64,0.0,0.272727272727273,0.12396694214876,0.826446280991736,1.644628099173554,0.0,2024-01-06 09:39:02,2024-01-06 09:41:56
ba43ca48-5392-4e7a-9ecf-c31b2412752f,25729159,Enschede,0.37,2.0,1.37,0.0,0.272727272727273,0.12396694214876,0.826446280991736,1.371900826446281,0.0,2024-01-06 09:51:12,2024-01-06 09:52:24
294c7ea8-dd4d-4431-8775-e271eed95db1,25729210,Amsterdam,3.06,7.0,2.74,0.0,0.272727272727273,0.12396694214876,0.826446280991736,2.735537190082645,0.0,2024-01-06 09:56:01,2024-01-06 10:02:53
980fc220-bd39-42b6-80a8-fdbd87f96160,25729409,Enschede,3.61,7.0,2.74,0.0,0.272727272727273,0.12396694214876,0.826446280991736,2.735537190082645,0.0,2024-01-06 10:42:36,2024-01-06 10:49:30
4f80171e-fd5e-4c8e-a07a-f96c4d93bf7b,25730256,Breda,2.41,9.0,3.28,0.0,0.272727272727273,0.12396694214876,0.826446280991736,3.280991735537191,0.0,2024-01-06 12:56:51,2024-01-06 13:05:11
294c7ea8-dd4d-4431-8775-e271eed95db1,25730371,Amsterdam,2.96,7.0,2.74,0.0,0.272727272727273,0.12396694214876,0.826446280991736,2.735537190082645,0.0,2024-01-06 13:14:23,2024-01-06 13:20:41
4f80171e-fd5e-4c8e-a07a-f96c4d93bf7b,25730480,Breda,2.19,7.0,2.74,0.0,0.272727272727273,0.12396694214876,0.826446280991736,2.735537190082645,0.0,2024-01-06 13:21:29,2024-01-06 13:28:17
b73e75ac-0711-422a-bcd0-e2ba0e56a2e7,25730907,Enschede,2.43,7.0,2.74,0.0,0.272727272727273,0.12396694214876,0.826446280991736,2.735537190082645,0.0,2024-01-06 14:18:30,2024-01-06 14:25:25
b73e75ac-0711-422a-bcd0-e2ba0e56a2e7,25731470,Enschede,2.46,9.0,3.28,0.0,0.272727272727273,0.12396694214876,0.826446280991736,3.280991735537191,0.0,2024-01-06 15:11:21,2024-01-06 15:20:13
e3409f47-b9bc-41f9-b260-24b5f1bb829a,25731615,Groningen,2.85,12.0,4.1,0.0,0.272727272727273,0.12396694214876,0.826446280991736,4.099173553719008,0.0,2024-01-06 15:36:43,2024-01-06 15:48:15
9efb0fe3-c781-4fc6-a4ac-1142a0a86459,25731709,Rotterdam,4.89,19.0,6.01,0.0,0.272727272727273,0.12396694214876,0.826446280991736,6.008264462809918,0.0,2024-01-06 15:43:02,2024-01-06 16:01:03
3631cf63-b364-40ec-88c2-6ae240d81a0d,25731640,Brussels,16.14,54.0,14.19,0.0,0.272727272727273,0.12396694214876,0.826446280991736,15.553719008264464,1.363636363636363,2024-01-06 15:37:00,2024-01-06 16:30:23
f4cf9499-2906-4c84-923c-80b31f63cf8a,25732190,Amsterdam,2.48,8.0,3.26,0.247934,0.272727272727273,0.12396694214876,0.826446280991736,3.256198347107439,0.0,2024-01-06 16:45:23,2024-01-06 16:52:51
6cb4029b-32b0-47d2-9414-7744de653572,25732237,Rotterdam,3.4,13.0,4.37,0.0,0.272727272727273,0.12396694214876,0.826446280991736,4.371900826446282,0.0,2024-01-06 16:41:43,2024-01-06 16:54:34
e955f28a-cac1-4546-926a-c42f5992c322,25732395,Rotterdam,2.65,11.0,3.83,0.0,0.272727272727273,0.12396694214876,0.826446280991736,3.826446280991737,0.0,2024-01-06 16:57:45,2024-01-06 17:07:51
9b671caf-f02d-4042-8bc8-f457099b8c64,25732648,Amsterdam,2.5,12.0,4.1,0.0,0.272727272727273,0.12396694214876,0.826446280991736,4.099173553719008,0.0,2024-01-06 17:24:15,2024-01-06 17:35:29
f4cf9499-2906-4c84-923c-80b31f63cf8a,25732553,Amsterdam,6.6,17.0,5.09,0.0,0.272727272727273,0.12396694214876,0.826446280991736,6.454545454545455,1.363636363636363,2024-01-06 17:16:28,2024-01-06 17:40:45
3631cf63-b364-40ec-88c2-6ae240d81a0d,25732732,Brussels,7.54,28.0,8.46,0.0,0.272727272727273,0.12396694214876,0.826446280991736,8.462809917355372,0.0,2024-01-06 17:37:43,2024-01-06 18:05:05
ba43ca48-5392-4e7a-9ecf-c31b2412752f,25733016,Enschede,0.41,2.0,0.28,0.0,0.272727272727273,0.12396694214876,0.826446280991736,1.371900826446281,1.090909090909091,2024-01-06 18:13:15,2024-01-06 18:14:35
980fc220-bd39-42b6-80a8-fdbd87f96160,25733635,Enschede,3.59,8.0,3.01,0.0,0.272727272727273,0.12396694214876,0.826446280991736,3.008264462809918,0.0,2024-01-06 19:32:49,2024-01-06 19:40:01
d543ff20-ea0d-4201-8496-99378763fd3b,25733968,Amsterdam,9.99,31.0,7.92,0.0,0.272727272727273,0.12396694214876,0.826446280991736,9.28099173553719,1.363636363636364,2024-01-06 20:20:43,2024-01-06 20:50:48
44b3f1c6-ab1b-4513-9b14-9bf7326d2365,25734168,Enschede,2.96,10.0,3.02,0.0,0.272727272727273,0.12396694214876,0.826446280991736,3.553719008264464,0.537190082644628,2024-01-06 20:50:16,2024-01-06 21:00:15
a3f43c95-4f70-4a0f-8f83-354600306376,25734147,Rotterdam,5.96,17.0,5.83,0.0,0.272727272727273,0.12396694214876,0.826446280991736,5.834710743801653,0.0,2024-01-06 20:49:55,2024-01-06 21:09:52
172b9cf0-5441-4df9-bbdc-c3e4b39d540f,25734868,Amsterdam,3.02,10.0,3.55,0.0,0.272727272727273,0.12396694214876,0.826446280991736,3.553719008264464,0.0,2024-01-06 23:05:34,2024-01-06 23:14:41
44b3f1c6-ab1b-4513-9b14-9bf7326d2365,25735293,Enschede,4.11,8.0,3.01,0.0,0.272727272727273,0.12396694214876,0.826446280991736,3.008264462809918,0.0,2024-01-07 00:43:19,2024-01-07 00:51:14
f95e3969-e848-4f93-abe7-695ab4849e29,25735413,Amsterdam,5.82,13.0,4.37,0.0,0.272727272727273,0.12396694214876,0.826446280991736,4.371900826446282,0.0,2024-01-07 01:08:15,2024-01-07 01:20:26
0c6e7073-0890-48f5-b239-615181579fdf,25735421,Amsterdam,8.95,19.0,6.01,0.0,0.272727272727273,0.12396694214876,0.826446280991736,6.008264462809918,0.0,2024-01-07 01:04:00,2024-01-07 01:22:24
44b3f1c6-ab1b-4513-9b14-9bf7326d2365,25735796,Enschede,2.03,5.0,2.19,0.0,0.272727272727273,0.12396694214876,0.826446280991736,2.1900826446281,0.0,2024-01-07 04:27:35,2024-01-07 04:32:20
b73e75ac-0711-422a-bcd0-e2ba0e56a2e7,25736000,Enschede,3.71,13.0,4.62,0.0,0.272727272727273,0.12396694214876,0.826446280991736,4.619834710743802,0.0,2024-01-07 07:28:50,2024-01-07 07:43:08
32491ff1-b63f-40f2-8b1f-765b619f5029,25736125,Enschede,1.78,7.0,2.74,0.0,0.272727272727273,0.12396694214876,0.826446280991736,2.735537190082645,0.0,2024-01-07 08:56:43,2024-01-07 09:03:02
a1e8ea5a-d740-4412-a67d-5936d4acd592,25736738,Den Bosch,2.6,8.0,3.01,2.479339,0.272727272727273,0.12396694214876,0.826446280991736,5.487603305785124,2.479338842975207,2024-01-07 11:59:16,2024-01-07 12:06:31
5323d4e4-b0d7-4ae9-ab33-a7c923d1997c,25736857,Enschede,5.19,14.0,4.4,0.0,0.272727272727273,0.12396694214876,0.826446280991736,5.760330578512397,1.363636363636363,2024-01-07 12:16:44,2024-01-07 12:39:33
a1e8ea5a-d740-4412-a67d-5936d4acd592,25736955,Den Bosch,3.1,7.0,2.74,0.0,0.272727272727273,0.12396694214876,0.826446280991736,2.735537190082645,0.0,2024-01-07 12:35:50,2024-01-07 12:42:46
6a0299a1-fb9e-4c79-ba96-20dca0d2be3b,25737056,Enschede,2.65,7.0,2.74,0.0,0.272727272727273,0.12396694214876,0.826446280991736,2.735537190082645,0.0,2024-01-07 12:49:19,2024-01-07 12:55:48
4cc36428-0b0e-46d3-a5b8-58cdab9b4282,25737328,Rotterdam,3.49,11.0,3.83,0.0,0.272727272727273,0.12396694214876,0.826446280991736,3.826446280991737,0.0,2024-01-07 13:31:14,2024-01-07 13:41:17
c638623a-109b-4165-8763-40eb04999e98,25738129,Enschede,3.18,8.0,3.01,0.0,0.272727272727273,0.12396694214876,0.826446280991736,3.008264462809918,0.0,2024-01-07 15:25:21,2024-01-07 15:32:49
4dae285e-092e-4b62-aab2-0afb96c25384,25738170,Rotterdam,0.0,2.0,1.37,0.0,0.272727272727273,0.12396694214876,0.826446280991736,1.371900826446281,0.0,2024-01-07 15:33:42,2024-01-07 15:35:22
966a4d81-4d83-47f4-8fc8-4c21efd0b42f,25738159,Amsterdam,6.97,16.0,3.83,0.0,0.272727272727273,0.12396694214876,0.826446280991736,5.1900826446281,1.363636363636364,2024-01-07 15:31:19,2024-01-07 15:46:33
4dae285e-092e-4b62-aab2-0afb96c25384,25738212,Rotterdam,2.88,10.0,2.46,0.0,0.272727272727273,0.12396694214876,0.826446280991736,3.553719008264464,1.090909090909091,2024-01-07 15:39:00,2024-01-07 15:48:03
bfcc1dd0-f452-4b17-97b5-02ddf3f8cacd,25738510,Rotterdam,7.97,22.0,7.2,0.0,0.272727272727273,0.12396694214876,0.826446280991736,7.198347107438018,0.0,2024-01-07 16:27:35,2024-01-07 16:51:46
f99c7da9-3715-4b09-b7a4-35a2220a7ae7,25738678,Rotterdam,0.76,6.0,2.46,0.0,0.272727272727273,0.12396694214876,0.826446280991736,2.462809917355372,0.0,2024-01-07 16:46:25,2024-01-07 16:52:06
34103820-6f35-4e77-ae89-874e4e7a0308,25739072,Amsterdam,0.0,3.0,1.64,0.0,0.272727272727273,0.12396694214876,0.826446280991736,1.644628099173554,0.0,2024-01-07 17:44:19,2024-01-07 17:47:17
40de2ab4-bd97-485c-b365-cde122a9963a,25739019,Enschede,4.1,13.0,4.37,0.0,0.272727272727273,0.12396694214876,0.826446280991736,4.371900826446282,0.0,2024-01-07 17:37:49,2024-01-07 17:50:46
34103820-6f35-4e77-ae89-874e4e7a0308,25739116,Amsterdam,4.8,12.0,4.1,0.0,0.272727272727273,0.12396694214876,0.826446280991736,4.099173553719008,0.0,2024-01-07 17:47:32,2024-01-07 17:59:20
16f8c4b4-752c-44c7-b0d9-7fc6fdba3f5c,25739139,Groningen,4.14,12.0,4.1,0.0,0.272727272727273,0.12396694214876,0.826446280991736,4.099173553719008,0.0,2024-01-07 17:59:29,2024-01-07 18:11:01
bfcc1dd0-f452-4b17-97b5-02ddf3f8cacd,25739301,Rotterdam,7.11,23.0,7.1,0.0,0.272727272727273,0.12396694214876,0.826446280991736,7.099173553719008,0.0,2024-01-07 18:21:59,2024-01-07 18:44:25
d004d705-0277-4c77-9cf1-dbc1dbcad0a9,25739445,Den Haag,3.25,9.0,3.28,0.0,0.272727272727273,0.12396694214876,0.826446280991736,3.280991735537191,0.0,2024-01-07 18:47:25,2024-01-07 18:55:47
34103820-6f35-4e77-ae89-874e4e7a0308,25739526,Amsterdam,6.33,15.0,4.92,0.0,0.272727272727273,0.12396694214876,0.826446280991736,4.917355371900827,0.0,2024-01-07 19:02:54,2024-01-07 19:17:42
9999282c-db92-4224-b917-5e97a89361c1,25739783,Den Bosch,1.54,6.0,2.46,0.0,0.272727272727273,0.12396694214876,0.826446280991736,2.462809917355372,0.0,2024-01-07 20:06:17,2024-01-07 20:12:00
16f8c4b4-752c-44c7-b0d9-7fc6fdba3f5c,25739796,Groningen,4.11,12.0,4.1,0.0,0.272727272727273,0.12396694214876,0.826446280991736,4.099173553719008,0.0,2024-01-07 20:14:31,2024-01-07 20:26:21
0a67490a-91e5-4fc8-8fed-f4fbbee28c87,25740274,Rotterdam,5.35,17.0,5.46,0.0,0.272727272727273,0.12396694214876,0.826446280991736,5.462809917355372,0.0,2024-01-07 22:15:46,2024-01-07 22:31:55
b904cc1b-fe61-4d23-a440-b64b93598f46,25740850,Rotterdam,1.05,4.0,1.92,0.0,0.272727272727273,0.12396694214876,0.826446280991736,1.917355371900827,0.0,2024-01-08 06:29:21,2024-01-08 06:33:19
44b3f1c6-ab1b-4513-9b14-9bf7326d2365,25741131,Enschede,4.04,8.0,2.58,0.0,0.272727272727273,0.12396694214876,0.826446280991736,3.008264462809918,0.429752066115703,2024-01-08 07:56:13,2024-01-08 08:03:58
8144bd62-84f6-43a3-b654-4f8bf79fa877,25741528,Amsterdam,1.42,5.0,2.19,0.0,0.272727272727273,0.12396694214876,0.826446280991736,2.1900826446281,0.0,2024-01-08 08:45:55,2024-01-08 08:49:56
edde1aeb-84b1-4e5d-b939-84320ed63804,25741811,Groningen,1.33,4.0,1.92,0.0,0.272727272727273,0.12396694214876,0.826446280991736,1.917355371900827,0.0,2024-01-08 09:33:05,2024-01-08 09:36:26
8b8cc7bb-4d66-4cff-9058-8e3eb4110d28,25741930,Enschede,1.56,4.0,1.92,0.0,0.272727272727273,0.12396694214876,0.826446280991736,1.917355371900827,0.0,2024-01-08 09:57:59,2024-01-08 10:01:38
6cb4029b-32b0-47d2-9414-7744de653572,25741920,Rotterdam,6.71,21.0,6.55,0.0,0.272727272727273,0.12396694214876,0.826446280991736,6.553719008264464,0.0,2024-01-08 09:57:50,2024-01-08 10:18:50
24773152-3ce5-4e17-9ecc-be70096be084,25742121,Amsterdam,2.1,8.0,3.01,0.0,0.272727272727273,0.12396694214876,0.826446280991736,3.008264462809918,0.0,2024-01-08 10:34:44,2024-01-08 10:42:10
24773152-3ce5-4e17-9ecc-be70096be084,25742552,Amsterdam,1.55,5.0,2.19,0.0,0.272727272727273,0.12396694214876,0.826446280991736,2.1900826446281,0.0,2024-01-08 12:17:07,2024-01-08 12:21:21
d74880e1-7195-4210-a113-6455fc141f65,25742531,Zwolle,2.23,9.0,0.0,0.0,0.272727272727273,0.12396694214876,0.826446280991736,3.280991735537191,3.280991735537191,2024-01-08 12:12:59,2024-01-08 12:21:32
844e92a0-16be-46e4-9e61-0d72fcb5fca6,25742785,Amsterdam,0.88,4.0,5.38,3.46281,0.272727272727273,0.12396694214876,0.826446280991736,5.380165289256199,0.0,2024-01-08 13:44:35,2024-01-08 13:47:57
24773152-3ce5-4e17-9ecc-be70096be084,25742986,Amsterdam,2.59,8.0,3.01,0.0,0.272727272727273,0.12396694214876,0.826446280991736,3.008264462809918,0.0,2024-01-08 13:48:40,2024-01-08 13:55:53
538ff6d1-57b0-4755-9385-770807db0963,25743667,Amsterdam,6.12,16.0,0.0,0.0,0.272727272727273,0.12396694214876,0.826446280991736,5.1900826446281,5.1900826446281,2024-01-08 15:52:24,2024-01-08 16:07:33
44b3f1c6-ab1b-4513-9b14-9bf7326d2365,25744180,Enschede,0.0,1.0,1.1,0.0,0.272727272727273,0.12396694214876,0.826446280991736,1.099173553719008,0.0,2024-01-08 17:03:18,2024-01-08 17:03:42
1ce07935-dade-4314-9fb9-02e4ed093714,25744155,Zwolle,3.79,13.0,4.37,0.0,0.272727272727273,0.12396694214876,0.826446280991736,4.371900826446282,0.0,2024-01-08 17:00:44,2024-01-08 17:13:06
19a3133e-d090-45fb-8d00-879fa15a02a7,25744341,Amsterdam,0.28,4.0,1.92,0.0,0.272727272727273,0.12396694214876,0.826446280991736,1.917355371900827,0.0,2024-01-08 17:22:00,2024-01-08 17:25:14
90356942-5bd0-496e-8491-52e918ca181e,25744369,Rotterdam,0.92,5.0,2.19,0.0,0.272727272727273,0.12396694214876,0.826446280991736,2.1900826446281,0.0,2024-01-08 17:25:46,2024-01-08 17:30:09
8b8cc7bb-4d66-4cff-9058-8e3eb4110d28,25744728,Enschede,1.59,4.0,1.7,0.0,0.272727272727273,0.12396694214876,0.826446280991736,1.917355371900827,0.214876033057851,2024-01-08 18:08:46,2024-01-08 18:12:16
468f3a90-9318-418c-8b7c-6eeb9a70164b,25744776,Den Bosch,0.5,9.0,3.28,0.0,0.272727272727273,0.12396694214876,0.826446280991736,3.280991735537191,0.0,2024-01-08 18:15:03,2024-01-08 18:23:25
44b3f1c6-ab1b-4513-9b14-9bf7326d2365,25745061,Enschede,3.57,11.0,4.07,0.0,0.272727272727273,0.12396694214876,0.826446280991736,4.074380165289256,0.0,2024-01-08 18:57:29,2024-01-08 19:09:48
44b3f1c6-ab1b-4513-9b14-9bf7326d2365,25745265,Enschede,1.12,7.0,2.74,0.0,0.272727272727273,0.12396694214876,0.826446280991736,2.735537190082645,0.0,2024-01-08 19:28:31,2024-01-08 19:35:09
44b3f1c6-ab1b-4513-9b14-9bf7326d2365,25745509,Enschede,2.93,8.0,3.01,0.0,0.272727272727273,0.12396694214876,0.826446280991736,3.008264462809918,0.0,2024-01-08 20:23:56,2024-01-08 20:31:55
ffb618d0-3db4-4e75-b58d-801368cb5669,25745618,Rotterdam,1.97,6.0,2.46,0.0,0.272727272727273,0.12396694214876,0.826446280991736,2.462809917355372,0.0,2024-01-08 20:52:03,2024-01-08 20:57:40
14ba1a73-fba2-455b-b224-7333361e4f40,25745633,Enschede,1.15,5.0,2.19,0.0,0.272727272727273,0.12396694214876,0.826446280991736,2.1900826446281,0.0,2024-01-08 20:54:36,2024-01-08 20:58:55
